{
  "mse": 0.11268488142081541,
  "rmse": 0.33568568843609553,
  "mae": 0.2475631837371374,
  "r2": 0.6356547560497168,
  "algorithm": "Random Forest Regression"
}