{
  "Linear Regression": {
    "mse": 0.15045235897299947,
    "rmse": 0.3878818879156379,
    "mae": 0.30285371806230776,
    "r2": 0.5135407630398658
  },
  "Decision Tree Regression": {
    "mse": 0.12189070751751876,
    "rmse": 0.34912849714327066,
    "mae": 0.25870654794144726,
    "r2": 0.6058894591201174
  },
  "Random Forest Regression": {
    "mse": 0.11268488142081541,
    "rmse": 0.33568568843609553,
    "mae": 0.2475631837371374,
    "r2": 0.6356547560497168,
    "algorithm": "Random Forest Regression"
  }
}